sample_id,row_index
background_000001,0
background_000002,1
background_000003,2
background_000004,3
background_000005,4
background_000006,5
background_000007,6
background_000008,7
background_000009,8
background_000010,9
background_000011,10
background_000012,11
background_000013,12
background_000014,13
background_000015,14
background_000016,15
background_000017,16
background_000018,17
background_000019,18
background_000020,19
background_000021,20
background_000022,21
background_000023,22
background_000024,23
background_000025,24
background_000026,25
background_000027,26
background_000028,27
background_000029,28
background_000030,29
background_000031,30
background_000032,31
background_000033,32
background_000034,33
background_000035,34
background_000036,35
background_000037,36
background_000038,37
background_000039,38
background_000040,39
background_000041,40
background_000042,41
background_000043,42
background_000044,43
background_000045,44
background_000046,45
background_000047,46
background_000048,47
background_000049,48
background_000050,49
background_000051,50
background_000052,51
background_000053,52
background_000054,53
background_000055,54
background_000056,55
background_000057,56
background_000058,57
background_000059,58
background_000060,59
background_000061,60
background_000062,61
background_000063,62
background_000064,63
background_000065,64
background_000066,65
background_000067,66
background_000068,67
background_000069,68
background_000070,69
background_000071,70
background_000072,71
background_000073,72
background_000074,73
background_000075,74
background_000076,75
background_000077,76
background_000078,77
background_000079,78
background_000080,79
background_000081,80
background_000082,81
background_000083,82
background_000084,83
background_000085,84
background_000086,85
background_000087,86
background_000088,87
background_000089,88
background_000090,89
background_000091,90
background_000092,91
background_000093,92
background_000094,93
background_000095,94
background_000096,95
background_000097,96
background_000098,97
background_000099,98
background_000100,99
background_000101,100
background_000102,101
background_000103,102
background_000104,103
background_000105,104
background_000106,105
background_000107,106
background_000108,107
background_000109,108
background_000110,109
background_000111,110
background_000112,111
background_000113,112
background_000114,113
background_000115,114
background_000116,115
background_000117,116
background_000118,117
background_000119,118
background_000120,119
background_000121,120
background_000122,121
background_000123,122
background_000124,123
background_000125,124
background_000126,125
background_000127,126
background_000128,127
background_000129,128
background_000130,129
background_000131,130
background_000132,131
background_000133,132
background_000134,133
background_000135,134
background_000136,135
background_000137,136
background_000138,137
background_000139,138
background_000140,139
background_000141,140
background_000142,141
background_000143,142
background_000144,143
background_000145,144
background_000146,145
background_000147,146
background_000148,147
background_000149,148
background_000150,149
background_000151,150
background_000152,151
background_000153,152
background_000154,153
background_000155,154
background_000156,155
background_000157,156
background_000158,157
background_000159,158
background_000160,159
background_000161,160
background_000162,161
background_000163,162
background_000164,163
background_000165,164
background_000166,165
background_000167,166
background_000168,167
background_000169,168
background_000170,169
background_000171,170
background_000172,171
background_000173,172
background_000174,173
background_000175,174
background_000176,175
background_000177,176
background_000178,177
background_000179,178
background_000180,179
background_000181,180
background_000182,181
background_000183,182
background_000184,183
background_000185,184
background_000186,185
background_000187,186
background_000188,187
background_000189,188
background_000190,189
background_000191,190
background_000192,191
background_000193,192
background_000194,193
background_000195,194
background_000196,195
background_000197,196
background_000198,197
background_000199,198
background_000200,199
background_000201,200
background_000202,201
background_000203,202
background_000204,203
background_000205,204
background_000206,205
background_000207,206
background_000208,207
background_000209,208
background_000210,209
background_000211,210
background_000212,211
background_000213,212
background_000214,213
background_000215,214
background_000216,215
background_000217,216
background_000218,217
background_000219,218
background_000220,219
background_000221,220
background_000222,221
background_000223,222
background_000224,223
background_000225,224
background_000226,225
background_000227,226
background_000228,227
background_000229,228
background_000230,229
background_000231,230
background_000232,231
background_000233,232
background_000234,233
background_000235,234
background_000236,235
background_000237,236
background_000238,237
background_000239,238
background_000240,239
background_000241,240
background_000242,241
background_000243,242
background_000244,243
background_000245,244
background_000246,245
background_000247,246
background_000248,247
background_000249,248
background_000250,249
background_000251,250
background_000252,251
background_000253,252
background_000254,253
background_000255,254
background_000256,255
background_000257,256
background_000258,257
background_000259,258
background_000260,259
background_000261,260
background_000262,261
background_000263,262
background_000264,263
background_000265,264
background_000266,265
background_000267,266
background_000268,267
background_000269,268
background_000270,269
background_000271,270
background_000272,271
background_000273,272
background_000274,273
background_000275,274
background_000276,275
background_000277,276
background_000278,277
background_000279,278
background_000280,279
background_000281,280
background_000282,281
background_000283,282
background_000284,283
background_000285,284
background_000286,285
background_000287,286
background_000288,287
background_000289,288
background_000290,289
background_000291,290
background_000292,291
background_000293,292
background_000294,293
background_000295,294
background_000296,295
background_000297,296
background_000298,297
background_000299,298
background_000300,299
background_000301,300
background_000302,301
background_000303,302
background_000304,303
background_000305,304
background_000306,305
background_000307,306
background_000308,307
background_000309,308
background_000310,309
background_000311,310
background_000312,311
background_000313,312
background_000314,313
background_000315,314
background_000316,315
background_000317,316
background_000318,317
background_000319,318
background_000320,319
background_000321,320
background_000322,321
background_000323,322
background_000324,323
background_000325,324
background_000326,325
background_000327,326
background_000328,327
background_000329,328
background_000330,329
background_000331,330
background_000332,331
background_000333,332
background_000334,333
background_000335,334
background_000336,335
background_000337,336
background_000338,337
background_000339,338
background_000340,339
background_000341,340
background_000342,341
background_000343,342
background_000344,343
background_000345,344
background_000346,345
background_000347,346
background_000348,347
background_000349,348
background_000350,349
background_000351,350
background_000352,351
background_000353,352
background_000354,353
background_000355,354
background_000356,355
background_000357,356
background_000358,357
background_000359,358
background_000360,359
background_000361,360
background_000362,361
background_000363,362
background_000364,363
background_000365,364
background_000366,365
background_000367,366
background_000368,367
background_000369,368
background_000370,369
background_000371,370
background_000372,371
background_000373,372
background_000374,373
background_000375,374
background_000376,375
background_000377,376
background_000378,377
background_000379,378
background_000380,379
background_000381,380
background_000382,381
background_000383,382
background_000384,383
background_000385,384
background_000386,385
background_000387,386
background_000388,387
background_000389,388
background_000390,389
background_000391,390
background_000392,391
background_000393,392
background_000394,393
background_000395,394
background_000396,395
background_000397,396
background_000398,397
background_000399,398
background_000400,399
background_000401,400
background_000402,401
background_000403,402
background_000404,403
background_000405,404
background_000406,405
background_000407,406
background_000408,407
background_000409,408
background_000410,409
background_000411,410
background_000412,411
background_000413,412
background_000414,413
background_000415,414
background_000416,415
background_000417,416
background_000418,417
background_000419,418
background_000420,419
background_000421,420
background_000422,421
background_000423,422
background_000424,423
background_000425,424
background_000426,425
background_000427,426
background_000428,427
background_000429,428
background_000430,429
background_000431,430
background_000432,431
background_000433,432
background_000434,433
background_000435,434
background_000436,435
background_000437,436
background_000438,437
background_000439,438
background_000440,439
background_000441,440
background_000442,441
background_000443,442
background_000444,443
background_000445,444
background_000446,445
background_000447,446
background_000448,447
background_000449,448
background_000450,449
background_000451,450
background_000452,451
background_000453,452
background_000454,453
background_000455,454
background_000456,455
background_000457,456
background_000458,457
background_000459,458
background_000460,459
background_000461,460
background_000462,461
background_000463,462
background_000464,463
background_000465,464
background_000466,465
background_000467,466
background_000468,467
background_000469,468
background_000470,469
background_000471,470
background_000472,471
background_000473,472
background_000474,473
background_000475,474
background_000476,475
background_000477,476
background_000478,477
background_000479,478
background_000480,479
digging_000001,800
digging_000002,801
digging_000003,802
digging_000004,803
digging_000005,804
digging_000006,805
digging_000007,806
digging_000008,807
digging_000009,808
digging_000010,809
digging_000011,810
digging_000012,811
digging_000013,812
digging_000014,813
digging_000015,814
digging_000016,815
digging_000017,816
digging_000018,817
digging_000019,818
digging_000020,819
digging_000021,820
digging_000022,821
digging_000023,822
digging_000024,823
digging_000025,824
digging_000026,825
digging_000027,826
digging_000028,827
digging_000029,828
digging_000030,829
digging_000031,830
digging_000032,831
digging_000033,832
digging_000034,833
digging_000035,834
digging_000036,835
digging_000037,836
digging_000038,837
digging_000039,838
digging_000040,839
digging_000041,840
digging_000042,841
digging_000043,842
digging_000044,843
digging_000045,844
digging_000046,845
digging_000047,846
digging_000048,847
digging_000049,848
digging_000050,849
digging_000051,850
digging_000052,851
digging_000053,852
digging_000054,853
digging_000055,854
digging_000056,855
digging_000057,856
digging_000058,857
digging_000059,858
digging_000060,859
digging_000061,860
digging_000062,861
digging_000063,862
digging_000064,863
digging_000065,864
digging_000066,865
digging_000067,866
digging_000068,867
digging_000069,868
digging_000070,869
digging_000071,870
digging_000072,871
digging_000073,872
digging_000074,873
digging_000075,874
digging_000076,875
digging_000077,876
digging_000078,877
digging_000079,878
digging_000080,879
digging_000081,880
digging_000082,881
digging_000083,882
digging_000084,883
digging_000085,884
digging_000086,885
digging_000087,886
digging_000088,887
digging_000089,888
digging_000090,889
digging_000091,890
digging_000092,891
digging_000093,892
digging_000094,893
digging_000095,894
digging_000096,895
digging_000097,896
digging_000098,897
digging_000099,898
digging_000100,899
digging_000101,900
digging_000102,901
digging_000103,902
digging_000104,903
digging_000105,904
digging_000106,905
digging_000107,906
digging_000108,907
digging_000109,908
digging_000110,909
digging_000111,910
digging_000112,911
digging_000113,912
digging_000114,913
digging_000115,914
digging_000116,915
digging_000117,916
digging_000118,917
digging_000119,918
digging_000120,919
digging_000121,920
digging_000122,921
digging_000123,922
digging_000124,923
digging_000125,924
digging_000126,925
digging_000127,926
digging_000128,927
digging_000129,928
digging_000130,929
digging_000131,930
digging_000132,931
digging_000133,932
digging_000134,933
digging_000135,934
digging_000136,935
digging_000137,936
digging_000138,937
digging_000139,938
digging_000140,939
digging_000141,940
digging_000142,941
digging_000143,942
digging_000144,943
digging_000145,944
digging_000146,945
digging_000147,946
digging_000148,947
digging_000149,948
digging_000150,949
digging_000151,950
digging_000152,951
digging_000153,952
digging_000154,953
digging_000155,954
digging_000156,955
digging_000157,956
digging_000158,957
digging_000159,958
digging_000160,959
digging_000161,960
digging_000162,961
digging_000163,962
digging_000164,963
digging_000165,964
digging_000166,965
digging_000167,966
digging_000168,967
digging_000169,968
digging_000170,969
digging_000171,970
digging_000172,971
digging_000173,972
digging_000174,973
digging_000175,974
digging_000176,975
digging_000177,976
digging_000178,977
digging_000179,978
digging_000180,979
digging_000181,980
digging_000182,981
digging_000183,982
digging_000184,983
digging_000185,984
digging_000186,985
digging_000187,986
digging_000188,987
digging_000189,988
digging_000190,989
digging_000191,990
digging_000192,991
digging_000193,992
digging_000194,993
digging_000195,994
digging_000196,995
digging_000197,996
digging_000198,997
digging_000199,998
digging_000200,999
digging_000201,1000
digging_000202,1001
digging_000203,1002
digging_000204,1003
digging_000205,1004
digging_000206,1005
digging_000207,1006
digging_000208,1007
digging_000209,1008
digging_000210,1009
digging_000211,1010
digging_000212,1011
digging_000213,1012
digging_000214,1013
digging_000215,1014
digging_000216,1015
digging_000217,1016
digging_000218,1017
digging_000219,1018
digging_000220,1019
digging_000221,1020
digging_000222,1021
digging_000223,1022
digging_000224,1023
digging_000225,1024
digging_000226,1025
digging_000227,1026
digging_000228,1027
digging_000229,1028
digging_000230,1029
digging_000231,1030
digging_000232,1031
digging_000233,1032
digging_000234,1033
digging_000235,1034
digging_000236,1035
digging_000237,1036
digging_000238,1037
digging_000239,1038
digging_000240,1039
digging_000241,1040
digging_000242,1041
digging_000243,1042
digging_000244,1043
digging_000245,1044
digging_000246,1045
digging_000247,1046
digging_000248,1047
digging_000249,1048
digging_000250,1049
digging_000251,1050
digging_000252,1051
digging_000253,1052
digging_000254,1053
digging_000255,1054
digging_000256,1055
digging_000257,1056
digging_000258,1057
digging_000259,1058
digging_000260,1059
digging_000261,1060
digging_000262,1061
digging_000263,1062
digging_000264,1063
digging_000265,1064
digging_000266,1065
digging_000267,1066
digging_000268,1067
digging_000269,1068
digging_000270,1069
digging_000271,1070
digging_000272,1071
digging_000273,1072
digging_000274,1073
digging_000275,1074
digging_000276,1075
digging_000277,1076
digging_000278,1077
digging_000279,1078
digging_000280,1079
digging_000281,1080
digging_000282,1081
digging_000283,1082
digging_000284,1083
digging_000285,1084
digging_000286,1085
digging_000287,1086
digging_000288,1087
digging_000289,1088
digging_000290,1089
digging_000291,1090
digging_000292,1091
digging_000293,1092
digging_000294,1093
digging_000295,1094
digging_000296,1095
digging_000297,1096
digging_000298,1097
digging_000299,1098
digging_000300,1099
digging_000301,1100
digging_000302,1101
digging_000303,1102
digging_000304,1103
digging_000305,1104
digging_000306,1105
digging_000307,1106
digging_000308,1107
digging_000309,1108
digging_000310,1109
digging_000311,1110
digging_000312,1111
digging_000313,1112
digging_000314,1113
digging_000315,1114
digging_000316,1115
digging_000317,1116
digging_000318,1117
digging_000319,1118
digging_000320,1119
digging_000321,1120
digging_000322,1121
digging_000323,1122
digging_000324,1123
digging_000325,1124
digging_000326,1125
digging_000327,1126
digging_000328,1127
digging_000329,1128
digging_000330,1129
digging_000331,1130
digging_000332,1131
digging_000333,1132
digging_000334,1133
digging_000335,1134
digging_000336,1135
digging_000337,1136
digging_000338,1137
digging_000339,1138
digging_000340,1139
digging_000341,1140
digging_000342,1141
digging_000343,1142
digging_000344,1143
digging_000345,1144
digging_000346,1145
digging_000347,1146
digging_000348,1147
digging_000349,1148
digging_000350,1149
digging_000351,1150
digging_000352,1151
digging_000353,1152
digging_000354,1153
digging_000355,1154
digging_000356,1155
digging_000357,1156
digging_000358,1157
digging_000359,1158
digging_000360,1159
digging_000361,1160
digging_000362,1161
digging_000363,1162
digging_000364,1163
digging_000365,1164
digging_000366,1165
digging_000367,1166
digging_000368,1167
digging_000369,1168
digging_000370,1169
digging_000371,1170
digging_000372,1171
digging_000373,1172
digging_000374,1173
digging_000375,1174
digging_000376,1175
digging_000377,1176
digging_000378,1177
digging_000379,1178
digging_000380,1179
digging_000381,1180
digging_000382,1181
digging_000383,1182
digging_000384,1183
digging_000385,1184
digging_000386,1185
digging_000387,1186
digging_000388,1187
digging_000389,1188
digging_000390,1189
digging_000391,1190
digging_000392,1191
digging_000393,1192
digging_000394,1193
digging_000395,1194
digging_000396,1195
digging_000397,1196
digging_000398,1197
digging_000399,1198
digging_000400,1199
digging_000401,1200
digging_000402,1201
digging_000403,1202
digging_000404,1203
digging_000405,1204
digging_000406,1205
digging_000407,1206
digging_000408,1207
digging_000409,1208
digging_000410,1209
digging_000411,1210
digging_000412,1211
digging_000413,1212
digging_000414,1213
digging_000415,1214
digging_000416,1215
digging_000417,1216
digging_000418,1217
digging_000419,1218
digging_000420,1219
digging_000421,1220
digging_000422,1221
digging_000423,1222
digging_000424,1223
digging_000425,1224
digging_000426,1225
digging_000427,1226
digging_000428,1227
digging_000429,1228
digging_000430,1229
digging_000431,1230
digging_000432,1231
digging_000433,1232
digging_000434,1233
digging_000435,1234
digging_000436,1235
digging_000437,1236
digging_000438,1237
digging_000439,1238
digging_000440,1239
digging_000441,1240
digging_000442,1241
digging_000443,1242
digging_000444,1243
digging_000445,1244
digging_000446,1245
digging_000447,1246
digging_000448,1247
digging_000449,1248
digging_000450,1249
digging_000451,1250
digging_000452,1251
digging_000453,1252
digging_000454,1253
digging_000455,1254
digging_000456,1255
digging_000457,1256
digging_000458,1257
digging_000459,1258
digging_000460,1259
digging_000461,1260
digging_000462,1261
digging_000463,1262
digging_000464,1263
digging_000465,1264
digging_000466,1265
digging_000467,1266
digging_000468,1267
digging_000469,1268
digging_000470,1269
digging_000471,1270
digging_000472,1271
digging_000473,1272
digging_000474,1273
digging_000475,1274
digging_000476,1275
digging_000477,1276
digging_000478,1277
digging_000479,1278
digging_000480,1279
raining_000001,1600
raining_000002,1601
raining_000003,1602
raining_000004,1603
raining_000005,1604
raining_000006,1605
raining_000007,1606
raining_000008,1607
raining_000009,1608
raining_000010,1609
raining_000011,1610
raining_000012,1611
raining_000013,1612
raining_000014,1613
raining_000015,1614
raining_000016,1615
raining_000017,1616
raining_000018,1617
raining_000019,1618
raining_000020,1619
raining_000021,1620
raining_000022,1621
raining_000023,1622
raining_000024,1623
raining_000025,1624
raining_000026,1625
raining_000027,1626
raining_000028,1627
raining_000029,1628
raining_000030,1629
raining_000031,1630
raining_000032,1631
raining_000033,1632
raining_000034,1633
raining_000035,1634
raining_000036,1635
raining_000037,1636
raining_000038,1637
raining_000039,1638
raining_000040,1639
raining_000041,1640
raining_000042,1641
raining_000043,1642
raining_000044,1643
raining_000045,1644
raining_000046,1645
raining_000047,1646
raining_000048,1647
raining_000049,1648
raining_000050,1649
raining_000051,1650
raining_000052,1651
raining_000053,1652
raining_000054,1653
raining_000055,1654
raining_000056,1655
raining_000057,1656
raining_000058,1657
raining_000059,1658
raining_000060,1659
raining_000061,1660
raining_000062,1661
raining_000063,1662
raining_000064,1663
raining_000065,1664
raining_000066,1665
raining_000067,1666
raining_000068,1667
raining_000069,1668
raining_000070,1669
raining_000071,1670
raining_000072,1671
raining_000073,1672
raining_000074,1673
raining_000075,1674
raining_000076,1675
raining_000077,1676
raining_000078,1677
raining_000079,1678
raining_000080,1679
raining_000081,1680
raining_000082,1681
raining_000083,1682
raining_000084,1683
raining_000085,1684
raining_000086,1685
raining_000087,1686
raining_000088,1687
raining_000089,1688
raining_000090,1689
raining_000091,1690
raining_000092,1691
raining_000093,1692
raining_000094,1693
raining_000095,1694
raining_000096,1695
raining_000097,1696
raining_000098,1697
raining_000099,1698
raining_000100,1699
raining_000101,1700
raining_000102,1701
raining_000103,1702
raining_000104,1703
raining_000105,1704
raining_000106,1705
raining_000107,1706
raining_000108,1707
raining_000109,1708
raining_000110,1709
raining_000111,1710
raining_000112,1711
raining_000113,1712
raining_000114,1713
raining_000115,1714
raining_000116,1715
raining_000117,1716
raining_000118,1717
raining_000119,1718
raining_000120,1719
raining_000121,1720
raining_000122,1721
raining_000123,1722
raining_000124,1723
raining_000125,1724
raining_000126,1725
raining_000127,1726
raining_000128,1727
raining_000129,1728
raining_000130,1729
raining_000131,1730
raining_000132,1731
raining_000133,1732
raining_000134,1733
raining_000135,1734
raining_000136,1735
raining_000137,1736
raining_000138,1737
raining_000139,1738
raining_000140,1739
raining_000141,1740
raining_000142,1741
raining_000143,1742
raining_000144,1743
raining_000145,1744
raining_000146,1745
raining_000147,1746
raining_000148,1747
raining_000149,1748
raining_000150,1749
raining_000151,1750
raining_000152,1751
raining_000153,1752
raining_000154,1753
raining_000155,1754
raining_000156,1755
raining_000157,1756
raining_000158,1757
raining_000159,1758
raining_000160,1759
raining_000161,1760
raining_000162,1761
raining_000163,1762
raining_000164,1763
raining_000165,1764
raining_000166,1765
raining_000167,1766
raining_000168,1767
raining_000169,1768
raining_000170,1769
raining_000171,1770
raining_000172,1771
raining_000173,1772
raining_000174,1773
raining_000175,1774
raining_000176,1775
raining_000177,1776
raining_000178,1777
raining_000179,1778
raining_000180,1779
raining_000181,1780
raining_000182,1781
raining_000183,1782
raining_000184,1783
raining_000185,1784
raining_000186,1785
raining_000187,1786
raining_000188,1787
raining_000189,1788
raining_000190,1789
raining_000191,1790
raining_000192,1791
raining_000193,1792
raining_000194,1793
raining_000195,1794
raining_000196,1795
raining_000197,1796
raining_000198,1797
raining_000199,1798
raining_000200,1799
raining_000201,1800
raining_000202,1801
raining_000203,1802
raining_000204,1803
raining_000205,1804
raining_000206,1805
raining_000207,1806
raining_000208,1807
raining_000209,1808
raining_000210,1809
raining_000211,1810
raining_000212,1811
raining_000213,1812
raining_000214,1813
raining_000215,1814
raining_000216,1815
raining_000217,1816
raining_000218,1817
raining_000219,1818
raining_000220,1819
raining_000221,1820
raining_000222,1821
raining_000223,1822
raining_000224,1823
raining_000225,1824
raining_000226,1825
raining_000227,1826
raining_000228,1827
raining_000229,1828
raining_000230,1829
raining_000231,1830
raining_000232,1831
raining_000233,1832
raining_000234,1833
raining_000235,1834
raining_000236,1835
raining_000237,1836
raining_000238,1837
raining_000239,1838
raining_000240,1839
raining_000241,1840
raining_000242,1841
raining_000243,1842
raining_000244,1843
raining_000245,1844
raining_000246,1845
raining_000247,1846
raining_000248,1847
raining_000249,1848
raining_000250,1849
raining_000251,1850
raining_000252,1851
raining_000253,1852
raining_000254,1853
raining_000255,1854
raining_000256,1855
raining_000257,1856
raining_000258,1857
raining_000259,1858
raining_000260,1859
raining_000261,1860
raining_000262,1861
raining_000263,1862
raining_000264,1863
raining_000265,1864
raining_000266,1865
raining_000267,1866
raining_000268,1867
raining_000269,1868
raining_000270,1869
raining_000271,1870
raining_000272,1871
raining_000273,1872
raining_000274,1873
raining_000275,1874
raining_000276,1875
raining_000277,1876
raining_000278,1877
raining_000279,1878
raining_000280,1879
raining_000281,1880
raining_000282,1881
raining_000283,1882
raining_000284,1883
raining_000285,1884
raining_000286,1885
raining_000287,1886
raining_000288,1887
raining_000289,1888
raining_000290,1889
raining_000291,1890
raining_000292,1891
raining_000293,1892
raining_000294,1893
raining_000295,1894
raining_000296,1895
raining_000297,1896
raining_000298,1897
raining_000299,1898
raining_000300,1899
raining_000301,1900
raining_000302,1901
raining_000303,1902
raining_000304,1903
raining_000305,1904
raining_000306,1905
raining_000307,1906
raining_000308,1907
raining_000309,1908
raining_000310,1909
raining_000311,1910
raining_000312,1911
raining_000313,1912
raining_000314,1913
raining_000315,1914
raining_000316,1915
raining_000317,1916
raining_000318,1917
raining_000319,1918
raining_000320,1919
raining_000321,1920
raining_000322,1921
raining_000323,1922
raining_000324,1923
raining_000325,1924
raining_000326,1925
raining_000327,1926
raining_000328,1927
raining_000329,1928
raining_000330,1929
raining_000331,1930
raining_000332,1931
raining_000333,1932
raining_000334,1933
raining_000335,1934
raining_000336,1935
raining_000337,1936
raining_000338,1937
raining_000339,1938
raining_000340,1939
raining_000341,1940
raining_000342,1941
raining_000343,1942
raining_000344,1943
raining_000345,1944
raining_000346,1945
raining_000347,1946
raining_000348,1947
raining_000349,1948
raining_000350,1949
raining_000351,1950
raining_000352,1951
raining_000353,1952
raining_000354,1953
raining_000355,1954
raining_000356,1955
raining_000357,1956
raining_000358,1957
raining_000359,1958
raining_000360,1959
raining_000361,1960
raining_000362,1961
raining_000363,1962
raining_000364,1963
raining_000365,1964
raining_000366,1965
raining_000367,1966
raining_000368,1967
raining_000369,1968
raining_000370,1969
raining_000371,1970
raining_000372,1971
raining_000373,1972
raining_000374,1973
raining_000375,1974
raining_000376,1975
raining_000377,1976
raining_000378,1977
raining_000379,1978
raining_000380,1979
raining_000381,1980
raining_000382,1981
raining_000383,1982
raining_000384,1983
raining_000385,1984
raining_000386,1985
raining_000387,1986
raining_000388,1987
raining_000389,1988
raining_000390,1989
raining_000391,1990
raining_000392,1991
raining_000393,1992
raining_000394,1993
raining_000395,1994
raining_000396,1995
raining_000397,1996
raining_000398,1997
raining_000399,1998
raining_000400,1999
raining_000401,2000
raining_000402,2001
raining_000403,2002
raining_000404,2003
raining_000405,2004
raining_000406,2005
raining_000407,2006
raining_000408,2007
raining_000409,2008
raining_000410,2009
raining_000411,2010
raining_000412,2011
raining_000413,2012
raining_000414,2013
raining_000415,2014
raining_000416,2015
raining_000417,2016
raining_000418,2017
raining_000419,2018
raining_000420,2019
raining_000421,2020
raining_000422,2021
raining_000423,2022
raining_000424,2023
raining_000425,2024
raining_000426,2025
raining_000427,2026
raining_000428,2027
raining_000429,2028
raining_000430,2029
raining_000431,2030
raining_000432,2031
raining_000433,2032
raining_000434,2033
raining_000435,2034
raining_000436,2035
raining_000437,2036
raining_000438,2037
raining_000439,2038
raining_000440,2039
raining_000441,2040
raining_000442,2041
raining_000443,2042
raining_000444,2043
raining_000445,2044
raining_000446,2045
raining_000447,2046
raining_000448,2047
raining_000449,2048
raining_000450,2049
raining_000451,2050
raining_000452,2051
raining_000453,2052
raining_000454,2053
raining_000455,2054
raining_000456,2055
raining_000457,2056
raining_000458,2057
raining_000459,2058
raining_000460,2059
raining_000461,2060
raining_000462,2061
raining_000463,2062
raining_000464,2063
raining_000465,2064
raining_000466,2065
raining_000467,2066
raining_000468,2067
raining_000469,2068
raining_000470,2069
raining_000471,2070
raining_000472,2071
raining_000473,2072
raining_000474,2073
raining_000475,2074
raining_000476,2075
raining_000477,2076
raining_000478,2077
raining_000479,2078
raining_000480,2079
vehicle_000001,2400
vehicle_000002,2401
vehicle_000003,2402
vehicle_000004,2403
vehicle_000005,2404
vehicle_000006,2405
vehicle_000007,2406
vehicle_000008,2407
vehicle_000009,2408
vehicle_000010,2409
vehicle_000011,2410
vehicle_000012,2411
vehicle_000013,2412
vehicle_000014,2413
vehicle_000015,2414
vehicle_000016,2415
vehicle_000017,2416
vehicle_000018,2417
vehicle_000019,2418
vehicle_000020,2419
vehicle_000021,2420
vehicle_000022,2421
vehicle_000023,2422
vehicle_000024,2423
vehicle_000025,2424
vehicle_000026,2425
vehicle_000027,2426
vehicle_000028,2427
vehicle_000029,2428
vehicle_000030,2429
vehicle_000031,2430
vehicle_000032,2431
vehicle_000033,2432
vehicle_000034,2433
vehicle_000035,2434
vehicle_000036,2435
vehicle_000037,2436
vehicle_000038,2437
vehicle_000039,2438
vehicle_000040,2439
vehicle_000041,2440
vehicle_000042,2441
vehicle_000043,2442
vehicle_000044,2443
vehicle_000045,2444
vehicle_000046,2445
vehicle_000047,2446
vehicle_000048,2447
vehicle_000049,2448
vehicle_000050,2449
vehicle_000051,2450
vehicle_000052,2451
vehicle_000053,2452
vehicle_000054,2453
vehicle_000055,2454
vehicle_000056,2455
vehicle_000057,2456
vehicle_000058,2457
vehicle_000059,2458
vehicle_000060,2459
vehicle_000061,2460
vehicle_000062,2461
vehicle_000063,2462
vehicle_000064,2463
vehicle_000065,2464
vehicle_000066,2465
vehicle_000067,2466
vehicle_000068,2467
vehicle_000069,2468
vehicle_000070,2469
vehicle_000071,2470
vehicle_000072,2471
vehicle_000073,2472
vehicle_000074,2473
vehicle_000075,2474
vehicle_000076,2475
vehicle_000077,2476
vehicle_000078,2477
vehicle_000079,2478
vehicle_000080,2479
vehicle_000081,2480
vehicle_000082,2481
vehicle_000083,2482
vehicle_000084,2483
vehicle_000085,2484
vehicle_000086,2485
vehicle_000087,2486
vehicle_000088,2487
vehicle_000089,2488
vehicle_000090,2489
vehicle_000091,2490
vehicle_000092,2491
vehicle_000093,2492
vehicle_000094,2493
vehicle_000095,2494
vehicle_000096,2495
vehicle_000097,2496
vehicle_000098,2497
vehicle_000099,2498
vehicle_000100,2499
vehicle_000101,2500
vehicle_000102,2501
vehicle_000103,2502
vehicle_000104,2503
vehicle_000105,2504
vehicle_000106,2505
vehicle_000107,2506
vehicle_000108,2507
vehicle_000109,2508
vehicle_000110,2509
vehicle_000111,2510
vehicle_000112,2511
vehicle_000113,2512
vehicle_000114,2513
vehicle_000115,2514
vehicle_000116,2515
vehicle_000117,2516
vehicle_000118,2517
vehicle_000119,2518
vehicle_000120,2519
vehicle_000121,2520
vehicle_000122,2521
vehicle_000123,2522
vehicle_000124,2523
vehicle_000125,2524
vehicle_000126,2525
vehicle_000127,2526
vehicle_000128,2527
vehicle_000129,2528
vehicle_000130,2529
vehicle_000131,2530
vehicle_000132,2531
vehicle_000133,2532
vehicle_000134,2533
vehicle_000135,2534
vehicle_000136,2535
vehicle_000137,2536
vehicle_000138,2537
vehicle_000139,2538
vehicle_000140,2539
vehicle_000141,2540
vehicle_000142,2541
vehicle_000143,2542
vehicle_000144,2543
vehicle_000145,2544
vehicle_000146,2545
vehicle_000147,2546
vehicle_000148,2547
vehicle_000149,2548
vehicle_000150,2549
vehicle_000151,2550
vehicle_000152,2551
vehicle_000153,2552
vehicle_000154,2553
vehicle_000155,2554
vehicle_000156,2555
vehicle_000157,2556
vehicle_000158,2557
vehicle_000159,2558
vehicle_000160,2559
vehicle_000161,2560
vehicle_000162,2561
vehicle_000163,2562
vehicle_000164,2563
vehicle_000165,2564
vehicle_000166,2565
vehicle_000167,2566
vehicle_000168,2567
vehicle_000169,2568
vehicle_000170,2569
vehicle_000171,2570
vehicle_000172,2571
vehicle_000173,2572
vehicle_000174,2573
vehicle_000175,2574
vehicle_000176,2575
vehicle_000177,2576
vehicle_000178,2577
vehicle_000179,2578
vehicle_000180,2579
vehicle_000181,2580
vehicle_000182,2581
vehicle_000183,2582
vehicle_000184,2583
vehicle_000185,2584
vehicle_000186,2585
vehicle_000187,2586
vehicle_000188,2587
vehicle_000189,2588
vehicle_000190,2589
vehicle_000191,2590
vehicle_000192,2591
vehicle_000193,2592
vehicle_000194,2593
vehicle_000195,2594
vehicle_000196,2595
vehicle_000197,2596
vehicle_000198,2597
vehicle_000199,2598
vehicle_000200,2599
vehicle_000201,2600
vehicle_000202,2601
vehicle_000203,2602
vehicle_000204,2603
vehicle_000205,2604
vehicle_000206,2605
vehicle_000207,2606
vehicle_000208,2607
vehicle_000209,2608
vehicle_000210,2609
vehicle_000211,2610
vehicle_000212,2611
vehicle_000213,2612
vehicle_000214,2613
vehicle_000215,2614
vehicle_000216,2615
vehicle_000217,2616
vehicle_000218,2617
vehicle_000219,2618
vehicle_000220,2619
vehicle_000221,2620
vehicle_000222,2621
vehicle_000223,2622
vehicle_000224,2623
vehicle_000225,2624
vehicle_000226,2625
vehicle_000227,2626
vehicle_000228,2627
vehicle_000229,2628
vehicle_000230,2629
vehicle_000231,2630
vehicle_000232,2631
vehicle_000233,2632
vehicle_000234,2633
vehicle_000235,2634
vehicle_000236,2635
vehicle_000237,2636
vehicle_000238,2637
vehicle_000239,2638
vehicle_000240,2639
vehicle_000241,2640
vehicle_000242,2641
vehicle_000243,2642
vehicle_000244,2643
vehicle_000245,2644
vehicle_000246,2645
vehicle_000247,2646
vehicle_000248,2647
vehicle_000249,2648
vehicle_000250,2649
vehicle_000251,2650
vehicle_000252,2651
vehicle_000253,2652
vehicle_000254,2653
vehicle_000255,2654
vehicle_000256,2655
vehicle_000257,2656
vehicle_000258,2657
vehicle_000259,2658
vehicle_000260,2659
vehicle_000261,2660
vehicle_000262,2661
vehicle_000263,2662
vehicle_000264,2663
vehicle_000265,2664
vehicle_000266,2665
vehicle_000267,2666
vehicle_000268,2667
vehicle_000269,2668
vehicle_000270,2669
vehicle_000271,2670
vehicle_000272,2671
vehicle_000273,2672
vehicle_000274,2673
vehicle_000275,2674
vehicle_000276,2675
vehicle_000277,2676
vehicle_000278,2677
vehicle_000279,2678
vehicle_000280,2679
vehicle_000281,2680
vehicle_000282,2681
vehicle_000283,2682
vehicle_000284,2683
vehicle_000285,2684
vehicle_000286,2685
vehicle_000287,2686
vehicle_000288,2687
vehicle_000289,2688
vehicle_000290,2689
vehicle_000291,2690
vehicle_000292,2691
vehicle_000293,2692
vehicle_000294,2693
vehicle_000295,2694
vehicle_000296,2695
vehicle_000297,2696
vehicle_000298,2697
vehicle_000299,2698
vehicle_000300,2699
vehicle_000301,2700
vehicle_000302,2701
vehicle_000303,2702
vehicle_000304,2703
vehicle_000305,2704
vehicle_000306,2705
vehicle_000307,2706
vehicle_000308,2707
vehicle_000309,2708
vehicle_000310,2709
vehicle_000311,2710
vehicle_000312,2711
vehicle_000313,2712
vehicle_000314,2713
vehicle_000315,2714
vehicle_000316,2715
vehicle_000317,2716
vehicle_000318,2717
vehicle_000319,2718
vehicle_000320,2719
vehicle_000321,2720
vehicle_000322,2721
vehicle_000323,2722
vehicle_000324,2723
vehicle_000325,2724
vehicle_000326,2725
vehicle_000327,2726
vehicle_000328,2727
vehicle_000329,2728
vehicle_000330,2729
vehicle_000331,2730
vehicle_000332,2731
vehicle_000333,2732
vehicle_000334,2733
vehicle_000335,2734
vehicle_000336,2735
vehicle_000337,2736
vehicle_000338,2737
vehicle_000339,2738
vehicle_000340,2739
vehicle_000341,2740
vehicle_000342,2741
vehicle_000343,2742
vehicle_000344,2743
vehicle_000345,2744
vehicle_000346,2745
vehicle_000347,2746
vehicle_000348,2747
vehicle_000349,2748
vehicle_000350,2749
vehicle_000351,2750
vehicle_000352,2751
vehicle_000353,2752
vehicle_000354,2753
vehicle_000355,2754
vehicle_000356,2755
vehicle_000357,2756
vehicle_000358,2757
vehicle_000359,2758
vehicle_000360,2759
vehicle_000361,2760
vehicle_000362,2761
vehicle_000363,2762
vehicle_000364,2763
vehicle_000365,2764
vehicle_000366,2765
vehicle_000367,2766
vehicle_000368,2767
vehicle_000369,2768
vehicle_000370,2769
vehicle_000371,2770
vehicle_000372,2771
vehicle_000373,2772
vehicle_000374,2773
vehicle_000375,2774
vehicle_000376,2775
vehicle_000377,2776
vehicle_000378,2777
vehicle_000379,2778
vehicle_000380,2779
vehicle_000381,2780
vehicle_000382,2781
vehicle_000383,2782
vehicle_000384,2783
vehicle_000385,2784
vehicle_000386,2785
vehicle_000387,2786
vehicle_000388,2787
vehicle_000389,2788
vehicle_000390,2789
vehicle_000391,2790
vehicle_000392,2791
vehicle_000393,2792
vehicle_000394,2793
vehicle_000395,2794
vehicle_000396,2795
vehicle_000397,2796
vehicle_000398,2797
vehicle_000399,2798
vehicle_000400,2799
vehicle_000401,2800
vehicle_000402,2801
vehicle_000403,2802
vehicle_000404,2803
vehicle_000405,2804
vehicle_000406,2805
vehicle_000407,2806
vehicle_000408,2807
vehicle_000409,2808
vehicle_000410,2809
vehicle_000411,2810
vehicle_000412,2811
vehicle_000413,2812
vehicle_000414,2813
vehicle_000415,2814
vehicle_000416,2815
vehicle_000417,2816
vehicle_000418,2817
vehicle_000419,2818
vehicle_000420,2819
vehicle_000421,2820
vehicle_000422,2821
vehicle_000423,2822
vehicle_000424,2823
vehicle_000425,2824
vehicle_000426,2825
vehicle_000427,2826
vehicle_000428,2827
vehicle_000429,2828
vehicle_000430,2829
vehicle_000431,2830
vehicle_000432,2831
vehicle_000433,2832
vehicle_000434,2833
vehicle_000435,2834
vehicle_000436,2835
vehicle_000437,2836
vehicle_000438,2837
vehicle_000439,2838
vehicle_000440,2839
vehicle_000441,2840
vehicle_000442,2841
vehicle_000443,2842
vehicle_000444,2843
vehicle_000445,2844
vehicle_000446,2845
vehicle_000447,2846
vehicle_000448,2847
vehicle_000449,2848
vehicle_000450,2849
vehicle_000451,2850
vehicle_000452,2851
vehicle_000453,2852
vehicle_000454,2853
vehicle_000455,2854
vehicle_000456,2855
vehicle_000457,2856
vehicle_000458,2857
vehicle_000459,2858
vehicle_000460,2859
vehicle_000461,2860
vehicle_000462,2861
vehicle_000463,2862
vehicle_000464,2863
vehicle_000465,2864
vehicle_000466,2865
vehicle_000467,2866
vehicle_000468,2867
vehicle_000469,2868
vehicle_000470,2869
vehicle_000471,2870
vehicle_000472,2871
vehicle_000473,2872
vehicle_000474,2873
vehicle_000475,2874
vehicle_000476,2875
vehicle_000477,2876
vehicle_000478,2877
vehicle_000479,2878
vehicle_000480,2879
walking_000001,3200
walking_000002,3201
walking_000003,3202
walking_000004,3203
walking_000005,3204
walking_000006,3205
walking_000007,3206
walking_000008,3207
walking_000009,3208
walking_000010,3209
walking_000011,3210
walking_000012,3211
walking_000013,3212
walking_000014,3213
walking_000015,3214
walking_000016,3215
walking_000017,3216
walking_000018,3217
walking_000019,3218
walking_000020,3219
walking_000021,3220
walking_000022,3221
walking_000023,3222
walking_000024,3223
walking_000025,3224
walking_000026,3225
walking_000027,3226
walking_000028,3227
walking_000029,3228
walking_000030,3229
walking_000031,3230
walking_000032,3231
walking_000033,3232
walking_000034,3233
walking_000035,3234
walking_000036,3235
walking_000037,3236
walking_000038,3237
walking_000039,3238
walking_000040,3239
walking_000041,3240
walking_000042,3241
walking_000043,3242
walking_000044,3243
walking_000045,3244
walking_000046,3245
walking_000047,3246
walking_000048,3247
walking_000049,3248
walking_000050,3249
walking_000051,3250
walking_000052,3251
walking_000053,3252
walking_000054,3253
walking_000055,3254
walking_000056,3255
walking_000057,3256
walking_000058,3257
walking_000059,3258
walking_000060,3259
walking_000061,3260
walking_000062,3261
walking_000063,3262
walking_000064,3263
walking_000065,3264
walking_000066,3265
walking_000067,3266
walking_000068,3267
walking_000069,3268
walking_000070,3269
walking_000071,3270
walking_000072,3271
walking_000073,3272
walking_000074,3273
walking_000075,3274
walking_000076,3275
walking_000077,3276
walking_000078,3277
walking_000079,3278
walking_000080,3279
walking_000081,3280
walking_000082,3281
walking_000083,3282
walking_000084,3283
walking_000085,3284
walking_000086,3285
walking_000087,3286
walking_000088,3287
walking_000089,3288
walking_000090,3289
walking_000091,3290
walking_000092,3291
walking_000093,3292
walking_000094,3293
walking_000095,3294
walking_000096,3295
walking_000097,3296
walking_000098,3297
walking_000099,3298
walking_000100,3299
walking_000101,3300
walking_000102,3301
walking_000103,3302
walking_000104,3303
walking_000105,3304
walking_000106,3305
walking_000107,3306
walking_000108,3307
walking_000109,3308
walking_000110,3309
walking_000111,3310
walking_000112,3311
walking_000113,3312
walking_000114,3313
walking_000115,3314
walking_000116,3315
walking_000117,3316
walking_000118,3317
walking_000119,3318
walking_000120,3319
walking_000121,3320
walking_000122,3321
walking_000123,3322
walking_000124,3323
walking_000125,3324
walking_000126,3325
walking_000127,3326
walking_000128,3327
walking_000129,3328
walking_000130,3329
walking_000131,3330
walking_000132,3331
walking_000133,3332
walking_000134,3333
walking_000135,3334
walking_000136,3335
walking_000137,3336
walking_000138,3337
walking_000139,3338
walking_000140,3339
walking_000141,3340
walking_000142,3341
walking_000143,3342
walking_000144,3343
walking_000145,3344
walking_000146,3345
walking_000147,3346
walking_000148,3347
walking_000149,3348
walking_000150,3349
walking_000151,3350
walking_000152,3351
walking_000153,3352
walking_000154,3353
walking_000155,3354
walking_000156,3355
walking_000157,3356
walking_000158,3357
walking_000159,3358
walking_000160,3359
walking_000161,3360
walking_000162,3361
walking_000163,3362
walking_000164,3363
walking_000165,3364
walking_000166,3365
walking_000167,3366
walking_000168,3367
walking_000169,3368
walking_000170,3369
walking_000171,3370
walking_000172,3371
walking_000173,3372
walking_000174,3373
walking_000175,3374
walking_000176,3375
walking_000177,3376
walking_000178,3377
walking_000179,3378
walking_000180,3379
walking_000181,3380
walking_000182,3381
walking_000183,3382
walking_000184,3383
walking_000185,3384
walking_000186,3385
walking_000187,3386
walking_000188,3387
walking_000189,3388
walking_000190,3389
walking_000191,3390
walking_000192,3391
walking_000193,3392
walking_000194,3393
walking_000195,3394
walking_000196,3395
walking_000197,3396
walking_000198,3397
walking_000199,3398
walking_000200,3399
walking_000201,3400
walking_000202,3401
walking_000203,3402
walking_000204,3403
walking_000205,3404
walking_000206,3405
walking_000207,3406
walking_000208,3407
walking_000209,3408
walking_000210,3409
walking_000211,3410
walking_000212,3411
walking_000213,3412
walking_000214,3413
walking_000215,3414
walking_000216,3415
walking_000217,3416
walking_000218,3417
walking_000219,3418
walking_000220,3419
walking_000221,3420
walking_000222,3421
walking_000223,3422
walking_000224,3423
walking_000225,3424
walking_000226,3425
walking_000227,3426
walking_000228,3427
walking_000229,3428
walking_000230,3429
walking_000231,3430
walking_000232,3431
walking_000233,3432
walking_000234,3433
walking_000235,3434
walking_000236,3435
walking_000237,3436
walking_000238,3437
walking_000239,3438
walking_000240,3439
walking_000241,3440
walking_000242,3441
walking_000243,3442
walking_000244,3443
walking_000245,3444
walking_000246,3445
walking_000247,3446
walking_000248,3447
walking_000249,3448
walking_000250,3449
walking_000251,3450
walking_000252,3451
walking_000253,3452
walking_000254,3453
walking_000255,3454
walking_000256,3455
walking_000257,3456
walking_000258,3457
walking_000259,3458
walking_000260,3459
walking_000261,3460
walking_000262,3461
walking_000263,3462
walking_000264,3463
walking_000265,3464
walking_000266,3465
walking_000267,3466
walking_000268,3467
walking_000269,3468
walking_000270,3469
walking_000271,3470
walking_000272,3471
walking_000273,3472
walking_000274,3473
walking_000275,3474
walking_000276,3475
walking_000277,3476
walking_000278,3477
walking_000279,3478
walking_000280,3479
walking_000281,3480
walking_000282,3481
walking_000283,3482
walking_000284,3483
walking_000285,3484
walking_000286,3485
walking_000287,3486
walking_000288,3487
walking_000289,3488
walking_000290,3489
walking_000291,3490
walking_000292,3491
walking_000293,3492
walking_000294,3493
walking_000295,3494
walking_000296,3495
walking_000297,3496
walking_000298,3497
walking_000299,3498
walking_000300,3499
walking_000301,3500
walking_000302,3501
walking_000303,3502
walking_000304,3503
walking_000305,3504
walking_000306,3505
walking_000307,3506
walking_000308,3507
walking_000309,3508
walking_000310,3509
walking_000311,3510
walking_000312,3511
walking_000313,3512
walking_000314,3513
walking_000315,3514
walking_000316,3515
walking_000317,3516
walking_000318,3517
walking_000319,3518
walking_000320,3519
walking_000321,3520
walking_000322,3521
walking_000323,3522
walking_000324,3523
walking_000325,3524
walking_000326,3525
walking_000327,3526
walking_000328,3527
walking_000329,3528
walking_000330,3529
walking_000331,3530
walking_000332,3531
walking_000333,3532
walking_000334,3533
walking_000335,3534
walking_000336,3535
walking_000337,3536
walking_000338,3537
walking_000339,3538
walking_000340,3539
walking_000341,3540
walking_000342,3541
walking_000343,3542
walking_000344,3543
walking_000345,3544
walking_000346,3545
walking_000347,3546
walking_000348,3547
walking_000349,3548
walking_000350,3549
walking_000351,3550
walking_000352,3551
walking_000353,3552
walking_000354,3553
walking_000355,3554
walking_000356,3555
walking_000357,3556
walking_000358,3557
walking_000359,3558
walking_000360,3559
walking_000361,3560
walking_000362,3561
walking_000363,3562
walking_000364,3563
walking_000365,3564
walking_000366,3565
walking_000367,3566
walking_000368,3567
walking_000369,3568
walking_000370,3569
walking_000371,3570
walking_000372,3571
walking_000373,3572
walking_000374,3573
walking_000375,3574
walking_000376,3575
walking_000377,3576
walking_000378,3577
walking_000379,3578
walking_000380,3579
walking_000381,3580
walking_000382,3581
walking_000383,3582
walking_000384,3583
walking_000385,3584
walking_000386,3585
walking_000387,3586
walking_000388,3587
walking_000389,3588
walking_000390,3589
walking_000391,3590
walking_000392,3591
walking_000393,3592
walking_000394,3593
walking_000395,3594
walking_000396,3595
walking_000397,3596
walking_000398,3597
walking_000399,3598
walking_000400,3599
walking_000401,3600
walking_000402,3601
walking_000403,3602
walking_000404,3603
walking_000405,3604
walking_000406,3605
walking_000407,3606
walking_000408,3607
walking_000409,3608
walking_000410,3609
walking_000411,3610
walking_000412,3611
walking_000413,3612
walking_000414,3613
walking_000415,3614
walking_000416,3615
walking_000417,3616
walking_000418,3617
walking_000419,3618
walking_000420,3619
walking_000421,3620
walking_000422,3621
walking_000423,3622
walking_000424,3623
walking_000425,3624
walking_000426,3625
walking_000427,3626
walking_000428,3627
walking_000429,3628
walking_000430,3629
walking_000431,3630
walking_000432,3631
walking_000433,3632
walking_000434,3633
walking_000435,3634
walking_000436,3635
walking_000437,3636
walking_000438,3637
walking_000439,3638
walking_000440,3639
walking_000441,3640
walking_000442,3641
walking_000443,3642
walking_000444,3643
walking_000445,3644
walking_000446,3645
walking_000447,3646
walking_000448,3647
walking_000449,3648
walking_000450,3649
walking_000451,3650
walking_000452,3651
walking_000453,3652
walking_000454,3653
walking_000455,3654
walking_000456,3655
walking_000457,3656
walking_000458,3657
walking_000459,3658
walking_000460,3659
walking_000461,3660
walking_000462,3661
walking_000463,3662
walking_000464,3663
walking_000465,3664
walking_000466,3665
walking_000467,3666
walking_000468,3667
walking_000469,3668
walking_000470,3669
walking_000471,3670
walking_000472,3671
walking_000473,3672
walking_000474,3673
walking_000475,3674
walking_000476,3675
walking_000477,3676
walking_000478,3677
walking_000479,3678
walking_000480,3679
