epoch,learning_rate,train_loss,train_accuracy,val_loss,val_accuracy,val_macro_precision,val_macro_recall,val_macro_f1,epoch_seconds,is_new_best
1,0.001,0.38653356075286865,0.8883333333333333,0.1863714861869812,0.96,0.9627186712953509,0.96,0.9602511845762199,2.6926574999815784,True
2,0.0009997532801828658,0.08396006758014361,0.98625,0.08367224931716918,0.99125,0.9914549218897045,0.99125,0.9912525809549584,1.8732685000286438,True
3,0.0009990133642141358,0.07017991065979004,0.9779166666666667,0.346705359518528,0.8425,0.9108418528335227,0.8425,0.8393775422429727,1.8751117999781854,False
4,0.00099778098230154,0.03606137663125992,0.9945833333333334,0.08318848818540574,0.97,0.9714784191231155,0.97,0.969959271622036,1.86951470002532,False
5,0.000996057350657239,0.0340970749159654,0.9895833333333334,0.053114935904741284,0.98375,0.9844155844155844,0.98375,0.9837256012224866,1.9259607999701984,False
6,0.0009938441702975688,0.02167206088701884,0.9979166666666667,0.05365161672234535,0.98,0.9810769851393932,0.9800000000000001,0.9799786812250119,1.8686537999892607,False
7,0.0009911436253643444,0.020863900631666182,0.9954166666666666,1.1557906246185303,0.705,0.639952527377677,0.705,0.6401536102081347,1.872942799993325,False
8,0.0009879583809693736,0.022705067147811255,0.99375,0.03365161284804344,0.99,0.9903019485348803,0.99,0.9899972646938877,1.8702729999786243,False
9,0.0009842915805643154,0.009206672608852386,0.9995833333333334,0.013225509822368621,0.9975,0.9975308641975309,0.9974999999999999,0.9974999023399352,1.8830663000117056,True
10,0.0009801468428384714,0.01082485760251681,0.9970833333333333,0.01585829332470894,0.99875,0.9987577639751553,0.99875,0.9987499877928496,1.8716372000053525,True
11,0.0009755282581475767,0.022030462821324665,0.9929166666666667,0.059143545776605605,0.9775,0.9793490460157127,0.9775,0.9775902959021497,1.8874486000277102,False
12,0.0009704403844771127,0.012562778343756993,0.99625,0.02572539672255516,0.99625,0.9963190184049079,0.9962500000000001,0.9962496703811858,1.8810146999894641,False
13,0.0009648882429441257,0.00686557874083519,0.9991666666666666,0.04635224670171738,0.98375,0.9843878508044153,0.98375,0.983743173337724,1.898537100001704,False
14,0.0009588773128419905,0.005967573821544647,0.9995833333333334,0.057153908908367156,0.98375,0.9844155844155844,0.98375,0.9837422198397808,1.884285300038755,False
15,0.0009524135262330098,0.007249033401409785,0.9983333333333333,0.07199251756072045,0.975,0.9766612989801395,0.975,0.9749584652437846,1.8767612999654375,False
16,0.0009455032620941839,0.005305447578430176,0.99875,0.0350701405107975,0.9825,0.9837288622410512,0.9824999999999999,0.9824731246104488,1.8824592000455596,False
17,0.0009381533400219318,0.004847231904665629,0.9991666666666666,0.021928382068872453,0.995,0.9950767823800633,0.9949999999999999,0.9949996581740355,1.8823712000157684,False
18,0.0009303710135019719,0.009950999865929285,0.9966666666666667,0.14359574899077415,0.95375,0.962015306122449,0.95375,0.9547474211441459,1.8802113000419922,False
19,0.0009221639627510076,0.0141755510866642,0.9958333333333333,0.044420926421880724,0.99,0.9902584123443019,0.99,0.9899981441296596,1.8968394999974407,False
20,0.000913540287137281,0.008142850200335184,0.9979166666666667,0.01938504949212074,0.9925,0.9926971579145493,0.9925,0.9924984615413234,1.88695800001733,False
21,0.0009045084971874739,0.0023326388994852703,1.0,0.043026223480701446,0.9825,0.9832885063654295,0.9824999999999999,0.9824895677779306,1.8844290999695659,False
22,0.0008950775061878453,0.0033771402140458425,0.9991666666666666,0.030302367210388183,0.9875,0.9879357848719739,0.9875,0.9874954813649574,1.891370100027416,False
23,0.0008852566213878948,0.0027548203865687053,0.9995833333333334,0.0654747135937214,0.97125,0.9733333333333333,0.9712500000000001,0.9712024566369395,1.8969473000033759,False
24,0.0008750555348152299,0.0015790195763111115,1.0,0.03039692237973213,0.98875,0.9890901027422574,0.9887499999999999,0.9887470327351384,1.8828719000448473,False
25,0.0008644843137107058,0.001351259450117747,1.0,0.02518405854701996,0.99,0.9902584123443019,0.99,0.9899981441296596,1.8971959999762475,False
26,0.0008535533905932738,0.0010023608803749085,1.0,0.016937685608863832,0.995,0.9951219512195122,0.9949999999999999,0.9949992186279106,1.8799512999830768,False
27,0.0008422735529643445,0.0006491528948148091,1.0,0.028309104442596437,0.98875,0.9890613451589061,0.9887499999999999,0.9887476923763844,1.8843280000146478,False
28,0.000830655932661826,0.000769773672024409,1.0,0.020917856991291048,0.995,0.9951219512195122,0.9949999999999999,0.9949992186279106,1.89902119996259,False
29,0.000818711994874345,0.0011376488705476125,1.0,0.03225447848439217,0.98375,0.9844155844155844,0.98375,0.9837422198397808,1.883835699991323,False
30,0.0008064535268264884,0.0005210117995738983,1.0,0.04113575458526611,0.98625,0.986738717686578,0.9862500000000001,0.986245029611682,1.8963712000404485,False
31,0.0007938926261462368,0.00048794493079185486,1.0,0.010183368176221848,0.99875,0.9987577639751553,0.99875,0.9987499877928496,1.880206800007727,False
32,0.0007810416889260655,0.015817188719908396,0.9954166666666666,0.04878783017396927,0.98,0.9809324520321964,0.9800000000000001,0.9798776180488812,1.885034800041467,False
33,0.0007679133974894984,0.004793483515580495,0.9991666666666666,0.030302888602018355,0.98875,0.9890901027422574,0.9887499999999999,0.9887470327351384,1.8902209000079893,False
34,0.0007545207078751858,0.001949469695488612,0.9995833333333334,0.024744531661272048,0.98875,0.9889116109975005,0.9887499999999999,0.9887490807121868,1.9101787999970838,False
35,0.0007408768370508578,0.0016824935376644134,1.0,0.05785119250416756,0.9825,0.9833572453371593,0.9824999999999999,0.9824869996640787,1.9155849000089802,False
36,0.0007269952498697736,0.003494835694630941,0.9991666666666666,0.3212048363685608,0.90375,0.9175977554826676,0.9037499999999999,0.9051870499216189,1.9146109000430442,False
37,0.0007128896457825365,0.002666583259900411,0.9995833333333334,0.010412346720695496,0.99625,0.9962886281726862,0.9962500000000001,0.9962498901327846,1.9089092999929562,False
38,0.0006985739453173904,0.0008328166604042053,1.0,0.022348560988903046,0.99125,0.9914409696244201,0.9912500000000002,0.9912488890090965,1.8835293000447564,False
39,0.0006840622763423392,0.00066002090771993,1.0,0.048864852786064145,0.97875,0.9802270643819193,0.9787500000000001,0.9787161100508662,1.9144116999814287,False
40,0.0006693689601226459,0.001082718422015508,1.0,0.05924930706620216,0.9775,0.9787512693910425,0.9774999999999998,0.9774795442036895,3.988381600007415,False
41,0.0006545084971874739,0.0008765584230422973,1.0,0.039166911095380785,0.98375,0.984454308646059,0.98375,0.9837383063860223,4.24267740000505,False
42,0.0006394955530196148,0.0023729893565177917,0.9991666666666666,0.43568780705332755,0.895,0.9246879216241106,0.8949999999999999,0.8884502884710951,4.249356899992563,False
43,0.0006243449435824275,0.0017183245221773784,1.0,0.028723103851079942,0.99125,0.9915288483125047,0.99125,0.9912473501468021,4.259697400033474,False
44,0.0006090716206982715,0.0035908048848311107,0.9991666666666666,0.10470916494727135,0.9575,0.959852060584713,0.9574999999999999,0.9574398588127533,4.282574200013187,False
45,0.0005936906572928626,0.001278498371442159,1.0,0.013446086347103118,0.995,0.9950767823800633,0.9949999999999999,0.9949996581740355,4.267889400012791,False
46,0.0005782172325201157,0.0006419411798318228,1.0,0.025897766053676604,0.9925,0.9926971579145493,0.9925,0.9924984615413234,4.244927200023085,False
47,0.0005626666167821524,0.000643206387758255,1.0,0.5862926360964775,0.8375,0.9086419753086419,0.8375,0.8070237118637447,4.26757369999541,False
48,0.0005470541566592573,0.001379232108592987,1.0,0.03580836400389671,0.98,0.981614906832298,0.9800000000000001,0.979958698338482,4.25656860001618,False
49,0.000531395259764657,0.00220557967821757,0.9995833333333334,0.126979071944952,0.96375,0.9671268902038133,0.9637499999999999,0.9636430548137707,4.252366700035054,False
50,0.0005157053795390644,0.0005668782691160837,1.0,0.0425136448442936,0.985,0.9855421686746988,0.985,0.9849947247079051,4.265005699999165,False
51,0.0005000000000000002,0.0008413845300674439,1.0,0.06095529481768608,0.975,0.9764705882352942,0.975,0.9749755620723363,4.26887239998905,False
52,0.00048429462046093607,0.0005388988057772318,1.0,0.06993941187858582,0.9725,0.974281805745554,0.9724999999999999,0.9724666575813098,4.231568600051105,False
53,0.0004686047402353435,0.0005284402271111806,1.0,0.043632907420396806,0.98,0.9812901166708039,0.9800000000000001,0.9799728071987852,4.241092900047079,False
54,0.000452945843340743,0.0004193660616874695,1.0,0.05904089346528053,0.975,0.9766791303143609,0.975,0.9749638020236328,4.2352957999682985,False
55,0.00043733338321784806,0.000731022705634435,1.0,0.06965866178274155,0.97125,0.973257158403047,0.9712500000000001,0.9712075336991373,4.231747000012547,False
56,0.0004217827674798847,0.00020601590474446615,1.0,0.04319872051477432,0.98,0.9814389101745423,0.9800000000000001,0.9799663420096154,4.237140400044154,False
57,0.00040630934270713783,0.00042959054311116535,1.0,0.031104277074337005,0.98625,0.9869930580928024,0.9862500000000001,0.9862377688290177,4.2222813999978825,False
58,0.000390928379301729,0.000420926163593928,1.0,0.07726679682731628,0.9725,0.9750899681255782,0.9725000000000001,0.9724156461355543,4.247204299957957,False
59,0.0003756550564175727,0.00030907968680063885,1.0,0.038083585500717165,0.98125,0.9823655300328149,0.98125,0.9812285469263274,4.2470714000519365,False
60,0.00036050444698038553,0.0010793030261993409,1.0,0.06959833934903145,0.9725,0.9745892661555313,0.9724999999999999,0.9724472370406693,4.24222480005119,False
61,0.00034549150281252655,0.000798970510562261,1.0,0.07963234215974807,0.975,0.9771099788568854,0.975,0.9749395274974614,4.2425742000341415,False
62,0.0003306310398773544,0.000638003647327423,1.0,0.057141737043857575,0.9825,0.9831532685490322,0.9824999999999999,0.9824908487276091,4.22434949997114,False
63,0.00031593772365766127,0.0002679204444090525,1.0,0.042095114588737485,0.9825,0.9832885063654295,0.9824999999999999,0.9824895677779306,4.242570399946999,False
64,0.0003014260546826097,0.00023741886019706726,1.0,0.059658801406621935,0.975,0.9759711611339739,0.975,0.974986072992702,4.239847699995153,False
65,0.0002871103542174637,0.00015805910031000772,1.0,0.04141375482082367,0.98625,0.9865995969389395,0.9862500000000001,0.9862471139106652,4.229658500000369,False
66,0.0002730047501302267,0.00019185766577720643,1.0,0.056299306303262714,0.97875,0.9798253029022259,0.97875,0.978734840120764,4.242268299974967,False
67,0.00025912316294914234,0.00016530046860376994,1.0,0.047122504860162735,0.9775,0.9790299971965236,0.9775,0.9774656582975908,4.256303400034085,False
68,0.0002454792921248144,7.976308465003968e-05,1.0,0.040721071660518644,0.98375,0.9844710636455478,0.98375,0.9837403126573676,4.2664760000188835,False
69,0.00023208660251050164,0.00017336453000704448,1.0,0.03180882081389427,0.98875,0.9891476306645967,0.9887499999999999,0.9887457133237068,4.250635600008536,False
70,0.00021895831107393473,0.00042923375964164733,1.0,0.06103210404515266,0.97375,0.9754472887420864,0.9737500000000001,0.9737168829089065,4.257333800022025,False
71,0.00020610737385376356,0.000547151764233907,1.0,0.041286290884017945,0.985,0.9855561604064598,0.985,0.9849942847322453,4.242269499984104,False
72,0.00019354647317351177,0.0005822171270847321,1.0,0.03323788747191429,0.99,0.9902439024390244,0.99,0.9899984372558212,4.2538844999508,False
73,0.0001812880051256552,0.0002611413101355235,1.0,0.05158294260501862,0.97875,0.9800930494854082,0.97875,0.97872235544551,4.275940800027456,False
74,0.00016934406733817422,0.00018413628141085306,1.0,0.05818777769804001,0.98125,0.9820850826326797,0.98125,0.9812371072748481,4.247038900037296,False
75,0.0001577264470356557,0.00021670420964558918,1.0,0.06439482614398002,0.9725,0.9743202106919314,0.9724999999999999,0.9724642308470562,4.243768099986482,False
76,0.00014644660940672634,0.00015580564737319947,1.0,0.052303705215454105,0.97625,0.9776632780949729,0.97625,0.9762246875289131,4.2358893000055104,False
77,0.0001355156862892944,0.00018729920188585917,1.0,0.04569428667426109,0.98375,0.9843259789912231,0.98375,0.9837430723299871,4.239751699962653,False
78,0.0001249444651847703,0.00033365835746129355,1.0,0.05355675131082535,0.97625,0.977979094076655,0.97625,0.976207929173543,4.24706960003823,False
79,0.00011474337861210548,5.774592359860738e-05,1.0,0.034512371271848676,0.98875,0.9890613451589061,0.9887499999999999,0.9887476923763844,4.247012900013942,False
80,0.00010492249381215483,0.00014320368568102517,1.0,0.04555599182844162,0.98125,0.9822564541434888,0.98125,0.9812329518478287,4.280196500010788,False
81,9.549150281252637e-05,0.0003326666355133057,1.0,0.05773078948259354,0.97625,0.9774333539716329,0.97625,0.976230289651219,4.22634209995158,False
82,8.645971286271923e-05,0.0005218526224295299,0.9995833333333334,0.05322838306427002,0.975,0.9767965367965367,0.975,0.9749571842941063,4.232463699998334,False
83,7.78360372489926e-05,0.001916402578353882,0.9991666666666666,0.06726061388850212,0.97625,0.9781372002230897,0.97625,0.9761995450679025,4.239106199995149,False
84,6.962898649802815e-05,0.00017528663078943889,1.0,0.06616864025592804,0.97375,0.9756282271944923,0.9737500000000001,0.973706072899585,4.235683499951847,False
85,6.184665997806824e-05,0.00021263539791107177,1.0,0.05509181052446365,0.97625,0.977979094076655,0.97625,0.976207929173543,4.227079499978572,False
86,5.449673790581613e-05,0.00015713706612586976,1.0,0.053291217386722566,0.97875,0.9798520605847131,0.97875,0.9787335920199396,4.2665225000237115,False
87,4.758647376699034e-05,0.0001807038982709249,1.0,0.0432893568277359,0.98125,0.9822564541434888,0.98125,0.9812329518478287,4.235574899998028,False
88,4.112268715800956e-05,0.0003248697519302368,1.0,0.05501167759299278,0.97375,0.9756282271944923,0.9737500000000001,0.973706072899585,4.2374477999983355,False
89,3.511175705587434e-05,0.00030762086311976114,1.0,0.04779187723994255,0.97875,0.9800930494854082,0.97875,0.97872235544551,4.257101499999408,False
90,2.9559615522887284e-05,0.00032011215885480247,1.0,0.0423417903482914,0.98125,0.9822564541434888,0.98125,0.9812329518478287,4.244224899972323,False
91,2.447174185242324e-05,0.00031738306085268657,1.0,0.042585186064243316,0.98125,0.9822564541434888,0.98125,0.9812329518478287,4.233516299980693,False
92,1.9853157161528526e-05,0.00010209461053212483,1.0,0.058991332799196244,0.975,0.9767965367965367,0.975,0.9749571842941063,4.273737100011203,False
93,1.570841943568452e-05,0.00019216800729433695,1.0,0.052765552550554276,0.97625,0.9776632780949729,0.97625,0.9762246875289131,4.263296800025273,False
94,1.204161903062634e-05,0.0001462535560131073,1.0,0.052872215211391446,0.97625,0.977979094076655,0.97625,0.976207929173543,4.239530599967111,False
95,8.85637463565564e-06,0.00010319575667381287,1.0,0.04199056446552277,0.98,0.9809385387240791,0.9800000000000001,0.9799836972953582,4.236049900006037,False
96,6.155829702431171e-06,0.00015489528576533,1.0,0.03455310583114624,0.98625,0.9867952088810984,0.9862500000000001,0.9862434164724929,4.240322199999355,False
97,3.942649342761118e-06,0.0001116246481736501,1.0,0.04666149139404297,0.9775,0.9790299971965236,0.9775,0.9774656582975908,4.256199299998116,False
98,2.2190176984600023e-06,0.00012515028317769368,1.0,0.05644951418042183,0.97625,0.977979094076655,0.97625,0.976207929173543,4.253565299964976,False
99,9.866357858642206e-07,0.00011725708842277527,1.0,0.044911617189645765,0.98125,0.9822564541434888,0.98125,0.9812329518478287,4.2312148999772035,False
100,2.467198171342e-07,0.0001377314825852712,1.0,0.03938284307718277,0.985,0.9855981416957027,0.985,0.9849929647192177,4.258809199964162,False
