C,gamma,val_macro_f1,val_accuracy,seconds
0.1,scale,0.7924875351675633,0.795,0.10234280000440776
0.1,0.001,0.5229246624754346,0.55,0.190794599999208
0.1,0.01,0.7174053449738421,0.73375,0.1443981999764219
0.1,0.1,0.8015717657782574,0.8025,0.10592669999459758
0.1,1.0,0.8078985315417164,0.80125,0.1465580000076443
1,scale,0.8597097609250038,0.86125,0.07359809998888522
1,0.001,0.7221732509608769,0.735,0.1332846999866888
1,0.01,0.8160110713096227,0.8175,0.09905989997787401
1,0.1,0.8614434820392107,0.8625,0.08229220000794157
1,1.0,0.8364321460864369,0.83375,0.1321969999698922
10,scale,0.8784208200385244,0.87875,0.06275759998243302
10,0.001,0.8205236768922719,0.8225,0.09225889999652281
10,0.01,0.8623821745182247,0.86375,0.06962329999078065
10,0.1,0.8761960538329531,0.87625,0.06314929999643937
10,1.0,0.8249005164084634,0.82375,0.1409486000193283
100,scale,0.8840618504129291,0.88375,0.07478560000890866
100,0.001,0.8626091967771057,0.86375,0.07473310001660138
100,0.01,0.8672800920444985,0.8675,0.0633372999727726
100,0.1,0.8796979331220198,0.88,0.07673720002640039
100,1.0,0.8144487673228948,0.81375,0.13059899996733293
